{"N": 512, "random_seed": 93119, "valid_pf": true, "radius_ratios": [0.03, 0.04, 0.05, 0.04714045207910318, 0.06, 0.07, 0.08, 0.09, 0.1, 0.12142857142857144, 0.14285714285714288, 0.1642857142857143, 0.18571428571428572, 0.20714285714285718, 0.2285714285714286, 0.25, 0.27142857142857146, 0.2928571428571429, 0.31428571428571433, 0.33571428571428574, 0.3571428571428572, 0.37857142857142867, 0.4], "free_volumes": [328.58093381818185, 301.77436392727276, 270.64684916363643, 279.1836765090909, 238.78734196363624, 205.9551092363636, 172.4051455999999, 138.20645003636363, 103.15509760000005, 52.88984203636363, 35.92117527272727, 25.751049309090924, 19.158797963636367, 13.963617745454544, 9.798171927272724, 6.607592727272729, 4.198437236363636, 2.429896145454545, 1.2693504000000002, 0.5430365090909092, 0.1668002909090909, 0.02429672727272731, 0.0001861818181818182]}