{"N": 512, "random_seed": 65364, "valid_pf": true, "radius_ratios": [0.03, 0.04, 0.05, 0.04714045207910318, 0.06, 0.07, 0.08, 0.09, 0.1, 0.12142857142857144, 0.14285714285714288, 0.1642857142857143, 0.18571428571428572, 0.20714285714285718, 0.2285714285714286, 0.25, 0.27142857142857146, 0.2928571428571429, 0.31428571428571433, 0.33571428571428574, 0.3571428571428572, 0.37857142857142867, 0.4], "free_volumes": [294.71357551304357, 269.67141509565215, 240.70516201739116, 248.69129349565213, 211.18146114782613, 180.79092201739132, 149.70874657391303, 121.33149829565212, 110.72259116521737, 91.90050949565212, 75.33632111304345, 60.74421426086955, 47.941044313043456, 36.90145168695652, 27.895825808695644, 20.3652763826087, 14.259903443478263, 9.333501773913042, 5.503011617391305, 2.8934856347826097, 1.263954365217391, 0.40586017391304346, 0.06427158260869564]}