{"N": 512, "random_seed": 7368, "valid_pf": true, "radius_ratios": [0.03, 0.04, 0.05, 0.04714045207910318, 0.06, 0.07, 0.08, 0.09, 0.1, 0.12142857142857144, 0.14285714285714288, 0.1642857142857143, 0.18571428571428572, 0.20714285714285718, 0.2285714285714286, 0.25, 0.27142857142857146, 0.2928571428571429, 0.31428571428571433, 0.33571428571428574, 0.3571428571428572, 0.37857142857142867, 0.4], "free_volumes": [317.50725238434165, 293.55239402135226, 265.4924799999999, 273.2543453380782, 236.7605340925267, 207.25736313167246, 191.5292333096085, 178.47075530249103, 166.0272785765124, 140.97019900355866, 117.7050283274021, 96.37461637010671, 77.2167789323843, 60.01290476868325, 44.9925192882562, 32.83271971530249, 23.87873252669039, 17.258608967971526, 12.159034306049817, 8.221262348754445, 5.231984056939498, 3.083934519572952, 1.6401856227758003]}