{"N": 512, "random_seed": 64558, "valid_pf": true, "radius_ratios": [0.03, 0.04, 0.05, 0.04714045207910318, 0.06, 0.07, 0.08, 0.09, 0.1, 0.12142857142857144, 0.14285714285714288, 0.1642857142857143, 0.18571428571428572, 0.20714285714285718, 0.2285714285714286, 0.25, 0.27142857142857146, 0.2928571428571429, 0.31428571428571433, 0.33571428571428574, 0.3571428571428572, 0.37857142857142867, 0.4], "free_volumes": [293.8967974956521, 268.5248378434784, 239.31332340869562, 247.33448459130435, 209.47830873043472, 178.7439371130434, 147.34280793043476, 115.32829384347826, 101.98804925217394, 83.93457307826091, 68.34507241739128, 54.65253620869566, 42.753745252173914, 33.30977613913044, 26.23162100869565, 20.167599860869558, 14.999908173913044, 10.75552612173913, 7.431141286956523, 4.864837008695655, 2.9710603130434783, 1.642727513043477, 0.7852210086956523]}