{"N": 512, "random_seed": 72018, "valid_pf": true, "radius_ratios": [0.03, 0.04, 0.05, 0.04714045207910318, 0.06, 0.07, 0.08, 0.09, 0.1, 0.12142857142857144, 0.14285714285714288, 0.1642857142857143, 0.18571428571428572, 0.20714285714285718, 0.2285714285714286, 0.25, 0.27142857142857146, 0.2928571428571429, 0.31428571428571433, 0.33571428571428574, 0.3571428571428572, 0.37857142857142867, 0.4], "free_volumes": [251.7994837333333, 224.21997226666673, 193.04601599999998, 201.607936, 161.18784000000008, 128.3309738666667, 94.86288213333336, 60.60733440000003, 42.54516906666667, 28.484420266666657, 20.750728533333337, 15.207509333333338, 10.82543786666667, 7.3706496, 4.734993066666669, 2.840115199999999, 1.5345322666666663, 0.6925482666666665, 0.24048640000000002, 0.045721599999999994, 0.0009898666666666664, 0.0, 0.0]}