{"N": 512, "random_seed": 41015, "valid_pf": true, "radius_ratios": [0.03, 0.04, 0.05, 0.04714045207910318, 0.06, 0.07, 0.08, 0.09, 0.1, 0.12142857142857144, 0.14285714285714288, 0.1642857142857143, 0.18571428571428572, 0.20714285714285718, 0.2285714285714286, 0.25, 0.27142857142857146, 0.2928571428571429, 0.31428571428571433, 0.33571428571428574, 0.3571428571428572, 0.37857142857142867, 0.4], "free_volumes": [336.6045137454545, 312.5546821818183, 284.2254801454545, 292.0482629818182, 255.33778850909076, 225.6076613818182, 195.1881402181818, 171.73360639999999, 159.85010501818178, 137.04521541818178, 116.55367214545454, 97.96103447272728, 81.37705658181818, 66.57751970909091, 53.60357003636364, 42.826528581818195, 34.02249309090908, 27.113267200000006, 21.57621992727273, 16.846773527272717, 12.907259345454541, 9.57192378181818, 6.855922036363633]}