{"N": 512, "random_seed": 84581, "valid_pf": true, "radius_ratios": [0.03, 0.04, 0.05, 0.04714045207910318, 0.06, 0.07, 0.08, 0.09, 0.1, 0.12142857142857144, 0.14285714285714288, 0.1642857142857143, 0.18571428571428572, 0.20714285714285718, 0.2285714285714286, 0.25, 0.27142857142857146, 0.2928571428571429, 0.31428571428571433, 0.33571428571428574, 0.3571428571428572, 0.37857142857142867, 0.4], "free_volumes": [267.72682013605436, 239.8787395918366, 208.20030693877558, 216.9145295238095, 175.85980952380953, 142.47493659863943, 108.47977360544225, 73.86084136054421, 42.70672108843536, 26.453611972789123, 18.465018775510206, 13.224594285714293, 9.210671020408165, 6.104729251700679, 3.7784032653061224, 2.164749931972789, 1.0883308843537411, 0.43270965986394544, 0.12014585034013608, 0.011546122448979592, 0.00010448979591836737, 0.0, 0.0]}