{"sediment_tuned": true, "sediment_d_tuned": 0.3236731373053933, "sediment_a_tuned": 0.3439355393496631}