{"N": 512, "random_seed": 37379, "valid_pf": true, "radius_ratios": [0.03, 0.04, 0.05, 0.04714045207910318, 0.06, 0.07, 0.08, 0.09, 0.1, 0.12142857142857144, 0.14285714285714288, 0.1642857142857143, 0.18571428571428572, 0.20714285714285718, 0.2285714285714286, 0.25, 0.27142857142857146, 0.2928571428571429, 0.31428571428571433, 0.33571428571428574, 0.3571428571428572, 0.37857142857142867, 0.4], "free_volumes": [281.5187745391304, 252.4805921391305, 219.40038789565213, 228.54102149565222, 185.77876368695644, 151.19835492173905, 115.95711888695654, 80.61597606956522, 45.41920834782607, 14.343265947826092, 7.052777739130432, 3.971819965217392, 2.191075060869564, 1.0529213217391302, 0.3980243478260871, 0.0994437565217391, 0.006820730434782608, 5.342608695652174e-05, 0.0, 0.0, 0.0, 0.0, 0.0]}