{"N": 512, "random_seed": 94062, "valid_pf": true, "radius_ratios": [0.03, 0.04, 0.05, 0.04714045207910318, 0.06, 0.07, 0.08, 0.09, 0.1, 0.12142857142857144, 0.14285714285714288, 0.1642857142857143, 0.18571428571428572, 0.20714285714285718, 0.2285714285714286, 0.25, 0.27142857142857146, 0.2928571428571429, 0.31428571428571433, 0.33571428571428574, 0.3571428571428572, 0.37857142857142867, 0.4], "free_volumes": [316.88161024911017, 292.7042232028468, 264.4282123843415, 272.21582348754436, 235.4878587900356, 205.74530505338066, 175.3822838434162, 160.02984540925266, 148.18294889679714, 125.19292811387895, 104.3425753736654, 85.5793423487544, 68.95136797153023, 54.17067501779356, 41.48903629893237, 31.387094092526677, 23.662526405693942, 17.44203615658363, 12.446173380782918, 8.531742064056937, 5.524643985765123, 3.3228071174377205, 1.8047726690391463]}