{"N": 512, "random_seed": 60375, "valid_pf": true, "radius_ratios": [0.03, 0.04, 0.05, 0.04714045207910318, 0.06, 0.07, 0.08, 0.09, 0.1, 0.12142857142857144, 0.14285714285714288, 0.1642857142857143, 0.18571428571428572, 0.20714285714285718, 0.2285714285714286, 0.25, 0.27142857142857146, 0.2928571428571429, 0.31428571428571433, 0.33571428571428574, 0.3571428571428572, 0.37857142857142867, 0.4], "free_volumes": [263.4455945578231, 234.27887020408158, 201.70847782312933, 210.6799020408163, 168.65037931972788, 134.64419265306122, 100.04546176870743, 65.06358421768708, 30.364856598639445, 13.761793741496602, 7.887986938775514, 4.819069387755101, 2.820371156462586, 1.4609066666666664, 0.6306133333333331, 0.20293659863945582, 0.02991891156462585, 0.00033088435374149664, 0.0, 0.0, 0.0, 0.0, 0.0]}