{"N": 512, "random_seed": 56597, "valid_pf": true, "radius_ratios": [0.03, 0.04, 0.05, 0.04714045207910318, 0.06, 0.07, 0.08, 0.09, 0.1, 0.12142857142857144, 0.14285714285714288, 0.1642857142857143, 0.18571428571428572, 0.20714285714285718, 0.2285714285714286, 0.25, 0.27142857142857146, 0.2928571428571429, 0.31428571428571433, 0.33571428571428574, 0.3571428571428572, 0.37857142857142867, 0.4], "free_volumes": [300.2864330249109, 269.8887197153024, 235.43128370106754, 244.95933039145896, 200.20065480427036, 163.82595188612092, 126.71130875444838, 90.50008142348752, 54.936707188612075, 10.188162277580066, 2.5680717437722405, 0.6754027046263344, 0.08867985765124552, 0.0010385765124555162, 0.0, 0.0, 0.0, 0.0, 0.0, 0.0, 0.0, 0.0, 0.0]}