{"N": 512, "random_seed": 53827, "valid_pf": true, "radius_ratios": [0.03, 0.04, 0.05, 0.04714045207910318, 0.06, 0.07, 0.08, 0.09, 0.1, 0.12142857142857144, 0.14285714285714288, 0.1642857142857143, 0.18571428571428572, 0.20714285714285718, 0.2285714285714286, 0.25, 0.27142857142857146, 0.2928571428571429, 0.31428571428571433, 0.33571428571428574, 0.3571428571428572, 0.37857142857142867, 0.4], "free_volumes": [269.1274013605443, 241.63981061224484, 210.39579428571426, 219.0320674829931, 178.66128544217685, 145.8212745578231, 112.35153850340133, 77.9612647619047, 49.304450612244885, 30.50245224489796, 19.597130884353735, 12.785214693877549, 7.820503945578228, 4.33761523809524, 2.089882993197278, 0.7860941496598639, 0.18714122448979584, 0.012817414965986389, 5.2244897959183664e-05, 0.0, 0.0, 0.0, 0.0]}