{"N": 512, "random_seed": 45037, "valid_pf": true, "radius_ratios": [0.03, 0.04, 0.05, 0.04714045207910318, 0.06, 0.07, 0.08, 0.09, 0.1, 0.12142857142857144, 0.14285714285714288, 0.1642857142857143, 0.18571428571428572, 0.20714285714285718, 0.2285714285714286, 0.25, 0.27142857142857146, 0.2928571428571429, 0.31428571428571433, 0.33571428571428574, 0.3571428571428572, 0.37857142857142867, 0.4], "free_volumes": [316.92226049822057, 292.679843985765, 264.32446405693935, 272.1822064056938, 235.4494861209964, 205.75284839857653, 175.29243786476863, 160.654594733096, 149.53472, 127.72800227758002, 108.05060327402134, 90.27735231316723, 74.50155729537364, 60.518090249110315, 48.418947188612066, 38.53891416370108, 30.46369024911031, 24.3492259074733, 19.230556014234875, 14.86346932384342, 11.242936939501782, 8.22292042704626, 5.772754448398575]}