{"N": 512, "random_seed": 57210, "valid_pf": true, "radius_ratios": [0.03, 0.04, 0.05, 0.04714045207910318, 0.06, 0.07, 0.08, 0.09, 0.1, 0.12142857142857144, 0.14285714285714288, 0.1642857142857143, 0.18571428571428572, 0.20714285714285718, 0.2285714285714286, 0.25, 0.27142857142857146, 0.2928571428571429, 0.31428571428571433, 0.33571428571428574, 0.3571428571428572, 0.37857142857142867, 0.4], "free_volumes": [287.3455126260869, 259.54815109565214, 227.83919860869563, 236.60925106086944, 195.58423151304348, 162.24637106086956, 128.23128153043473, 93.31158149565215, 57.747313530434774, 27.826763686956525, 16.836892939130422, 10.56064556521739, 6.2030180173913045, 3.237834573913044, 1.4186406956521735, 0.45285732173913024, 0.07116354782608696, 0.0008013913043478258, 0.0, 0.0, 0.0, 0.0, 0.0]}