{"sediment_tuned": true, "sediment_d_tuned": 0.3644162944089276, "sediment_a_tuned": 0.38371971794062293}