{"N": 512, "random_seed": 52309, "valid_pf": true, "radius_ratios": [0.03, 0.04, 0.05, 0.04714045207910318, 0.06, 0.07, 0.08, 0.09, 0.1, 0.12142857142857144, 0.14285714285714288, 0.1642857142857143, 0.18571428571428572, 0.20714285714285718, 0.2285714285714286, 0.25, 0.27142857142857146, 0.2928571428571429, 0.31428571428571433, 0.33571428571428574, 0.3571428571428572, 0.37857142857142867, 0.4], "free_volumes": [293.0219631304348, 267.34650768695644, 237.78056459130426, 245.8860677565217, 207.65247220869566, 176.5640459130435, 144.86544027826082, 112.35764313043472, 92.69814316521739, 74.85771241739133, 59.58786003478257, 46.329482017391314, 34.85476953043478, 25.145237147826073, 17.297977878260873, 11.241222678260865, 6.836437704347826, 3.757136139130434, 1.7709323130434782, 0.6522256695652175, 0.14070650434782608, 0.006713878260869565, 7.123478260869564e-05]}