{"N": 512, "random_seed": 3524, "valid_pf": true, "radius_ratios": [0.03, 0.04, 0.05, 0.04714045207910318, 0.06, 0.07, 0.08, 0.09, 0.1, 0.12142857142857144, 0.14285714285714288, 0.1642857142857143, 0.18571428571428572, 0.20714285714285718, 0.2285714285714286, 0.25, 0.27142857142857146, 0.2928571428571429, 0.31428571428571433, 0.33571428571428574, 0.3571428571428572, 0.37857142857142867, 0.4], "free_volumes": [285.8501876869566, 257.6898849391305, 225.50125523478272, 234.37226518260874, 192.64839680000006, 158.74108549565221, 124.27632640000007, 89.84399693913045, 54.81270761739132, 25.832741843478267, 16.745106921739126, 11.592481391304352, 7.87931492173913, 5.0701712695652175, 3.0232754086956515, 1.6400740173913047, 0.7528804173913041, 0.2554479304347826, 0.05196577391304349, 0.0014781217391304346, 0.0, 0.0, 0.0]}