{"N": 512, "random_seed": 63172, "valid_pf": true, "radius_ratios": [0.03, 0.04, 0.05, 0.04714045207910318, 0.06, 0.07, 0.08, 0.09, 0.1, 0.12142857142857144, 0.14285714285714288, 0.1642857142857143, 0.18571428571428572, 0.20714285714285718, 0.2285714285714286, 0.25, 0.27142857142857146, 0.2928571428571429, 0.31428571428571433, 0.33571428571428574, 0.3571428571428572, 0.37857142857142867, 0.4], "free_volumes": [288.62547700869567, 261.32262733913035, 230.0840559304347, 238.72218156521748, 198.3230664347826, 165.50299380869555, 132.01659102608693, 97.63631638260867, 62.65148994782606, 37.23721683478261, 23.293738295652165, 15.38676646956522, 9.710654330434778, 5.632124660869565, 2.90579144347826, 1.2331453217391306, 0.3717209043478261, 0.05319457391304344, 0.00039179130434782597, 0.0, 0.0, 0.0, 0.0]}