{"N": 512, "random_seed": 20088, "valid_pf": true, "radius_ratios": [0.03, 0.04, 0.05, 0.04714045207910318, 0.06, 0.07, 0.08, 0.09, 0.1, 0.12142857142857144, 0.14285714285714288, 0.1642857142857143, 0.18571428571428572, 0.20714285714285718, 0.2285714285714286, 0.25, 0.27142857142857146, 0.2928571428571429, 0.31428571428571433, 0.33571428571428574, 0.3571428571428572, 0.37857142857142867, 0.4], "free_volumes": [295.4161997913044, 270.59851798260877, 241.88505933913046, 249.7695743999999, 212.63076841739127, 182.49386073043476, 151.63673377391305, 130.71274518260873, 120.52659867826084, 101.32672333913041, 84.39270177391303, 69.25395700869562, 56.061773913043496, 44.56731158260871, 34.934160695652174, 27.936839234782607, 22.130278399999998, 17.091290156521737, 12.842349078260874, 9.220986434782608, 6.285668173913043, 4.024978921739129, 2.373008695652174]}