{"sediment_tuned": true, "sediment_d_tuned": 0.32626567368974346, "sediment_a_tuned": 0.34672107129213686}