{"N": 512, "random_seed": 55956, "valid_pf": true, "radius_ratios": [0.03, 0.04, 0.05, 0.04714045207910318, 0.06, 0.07, 0.08, 0.09, 0.1, 0.12142857142857144, 0.14285714285714288, 0.1642857142857143, 0.18571428571428572, 0.20714285714285718, 0.2285714285714286, 0.25, 0.27142857142857146, 0.2928571428571429, 0.31428571428571433, 0.33571428571428574, 0.3571428571428572, 0.37857142857142867, 0.4], "free_volumes": [260.3667455999999, 235.85923413333342, 207.78369706666672, 215.5303424, 183.0471168, 170.12790613333328, 157.9525120000001, 146.24075093333332, 134.93355520000006, 112.1994581333333, 91.27345493333335, 72.35795626666668, 55.66411093333333, 41.002342399999996, 29.54893653333334, 21.258222933333332, 15.137433600000001, 10.46270293333333, 6.878054399999996, 4.256255999999996, 2.3868245333333316, 1.1645781333333334, 0.4528298666666666]}