{"N": 512, "random_seed": 93374, "valid_pf": true, "radius_ratios": [0.03, 0.04, 0.05, 0.04714045207910318, 0.06, 0.07, 0.08, 0.09, 0.1, 0.12142857142857144, 0.14285714285714288, 0.1642857142857143, 0.18571428571428572, 0.20714285714285718, 0.2285714285714286, 0.25, 0.27142857142857146, 0.2928571428571429, 0.31428571428571433, 0.33571428571428574, 0.3571428571428572, 0.37857142857142867, 0.4], "free_volumes": [297.11577266086954, 272.96841015652177, 244.89171923478264, 252.64379102608697, 216.17500159999997, 192.5042710260869, 179.2044165565217, 166.74262149565217, 154.71690796521742, 130.4629069913043, 108.02656834782601, 87.54403951304343, 69.27189036521739, 52.94097808695651, 38.95725189565216, 28.25671902608696, 20.46016111304348, 14.605926399999998, 10.075412034782607, 6.632314434782607, 4.067666365217392, 2.2676880695652173, 1.1095707826086953]}