{"N": 512, "random_seed": 42848, "valid_pf": true, "radius_ratios": [0.03, 0.04, 0.05, 0.04714045207910318, 0.06, 0.07, 0.08, 0.09, 0.1, 0.12142857142857144, 0.14285714285714288, 0.1642857142857143, 0.18571428571428572, 0.20714285714285718, 0.2285714285714286, 0.25, 0.27142857142857146, 0.2928571428571429, 0.31428571428571433, 0.33571428571428574, 0.3571428571428572, 0.37857142857142867, 0.4], "free_volumes": [255.28461653333332, 228.8986624, 198.97253546666664, 207.1894869333332, 168.4564992, 137.02400000000003, 104.92008106666667, 77.06859519999998, 68.5218304, 53.159287466666655, 39.92209066666666, 28.698094933333323, 20.00715093333333, 13.27883946666666, 8.277299199999998, 4.698624, 2.358664533333333, 0.95744, 0.26564266666666664, 0.02612906666666668, 0.00022186666666666665, 0.0, 0.0]}