{"N": 512, "random_seed": 38506, "valid_pf": true, "radius_ratios": [0.03, 0.04, 0.05, 0.04714045207910318, 0.06, 0.07, 0.08, 0.09, 0.1, 0.12142857142857144, 0.14285714285714288, 0.1642857142857143, 0.18571428571428572, 0.20714285714285718, 0.2285714285714286, 0.25, 0.27142857142857146, 0.2928571428571429, 0.31428571428571433, 0.33571428571428574, 0.3571428571428572, 0.37857142857142867, 0.4], "free_volumes": [334.76263563636354, 310.10130850909087, 281.1520837818182, 289.08890298181814, 251.65021556363644, 221.19794501818183, 190.05467927272718, 158.4202286545454, 130.82283287272728, 109.39909585454544, 91.34294109090908, 75.25608727272729, 61.13253934545456, 48.67131578181821, 37.96074123636363, 30.38714414545456, 24.021867054545467, 18.457990981818185, 13.717094400000006, 9.740008727272725, 6.655609018181815, 4.294413963636361, 2.561563927272727]}