{"N": 512, "random_seed": 69761, "valid_pf": true, "radius_ratios": [0.03, 0.04, 0.05, 0.04714045207910318, 0.06, 0.07, 0.08, 0.09, 0.1, 0.12142857142857144, 0.14285714285714288, 0.1642857142857143, 0.18571428571428572, 0.20714285714285718, 0.2285714285714286, 0.25, 0.27142857142857146, 0.2928571428571429, 0.31428571428571433, 0.33571428571428574, 0.3571428571428572, 0.37857142857142867, 0.4], "free_volumes": [307.73714448398556, 280.1006052669037, 248.44488427046264, 257.1868925266903, 216.17425309608527, 182.81648740213524, 148.79889765124548, 113.88694775800708, 78.33312113879, 35.48555387900353, 20.366412526690382, 12.982151743772235, 7.877876156583629, 4.352546619217082, 2.086463772241993, 0.776636583629893, 0.18060298932384342, 0.011351459074733092, 5.466192170818503e-05, 0.0, 0.0, 0.0, 0.0]}