{"N": 512, "random_seed": 46106, "valid_pf": true, "radius_ratios": [0.03, 0.04, 0.05, 0.04714045207910318, 0.06, 0.07, 0.08, 0.09, 0.1, 0.12142857142857144, 0.14285714285714288, 0.1642857142857143, 0.18571428571428572, 0.20714285714285718, 0.2285714285714286, 0.25, 0.27142857142857146, 0.2928571428571429, 0.31428571428571433, 0.33571428571428574, 0.3571428571428572, 0.37857142857142867, 0.4], "free_volumes": [274.41131102040816, 248.9046204081632, 219.66006857142852, 227.6767172789116, 189.80574911564622, 159.12346993197278, 127.71941006802717, 102.54510149659868, 93.15742476190471, 76.204791292517, 61.32641959183672, 48.35049360544217, 37.11366095238095, 27.64503945578231, 19.810586122448974, 13.291363265306122, 8.343074829931972, 4.789516190476191, 2.4255912925170064, 1.0031542857142848, 0.2801371428571427, 0.031277278911564614, 0.0002786394557823129]}