{"N": 512, "random_seed": 77936, "valid_pf": true, "radius_ratios": [0.03, 0.04, 0.05, 0.04714045207910318, 0.06, 0.07, 0.08, 0.09, 0.1, 0.12142857142857144, 0.14285714285714288, 0.1642857142857143, 0.18571428571428572, 0.20714285714285718, 0.2285714285714286, 0.25, 0.27142857142857146, 0.2928571428571429, 0.31428571428571433, 0.33571428571428574, 0.3571428571428572, 0.37857142857142867, 0.4], "free_volumes": [289.7553318956522, 262.9868677565217, 232.2527454608695, 240.6982878608696, 200.8960311652175, 168.5212827826087, 135.50755839999997, 101.80404980869565, 67.335728973913, 47.05329864347826, 33.214606469565204, 24.940757704347824, 18.72744626086956, 13.667906782608698, 9.59936779130435, 6.484003617391306, 4.121234921739132, 2.3902297043478256, 1.2498854956521739, 0.5362020173913045, 0.1654249739130435, 0.024540382608695663, 0.00019589565217391304]}