{"sediment_tuned": true, "sediment_d_tuned": 0.3048631054237696, "sediment_a_tuned": 0.33952850121710515}