{"N": 512, "random_seed": 7732, "valid_pf": true, "radius_ratios": [0.03, 0.04, 0.05, 0.04714045207910318, 0.06, 0.07, 0.08, 0.09, 0.1, 0.12142857142857144, 0.14285714285714288, 0.1642857142857143, 0.18571428571428572, 0.20714285714285718, 0.2285714285714286, 0.25, 0.27142857142857146, 0.2928571428571429, 0.31428571428571433, 0.33571428571428574, 0.3571428571428572, 0.37857142857142867, 0.4], "free_volumes": [329.9031784727274, 303.4152773818182, 272.72607185454547, 281.1641483636364, 241.37722414545465, 209.03196858181818, 176.02386850909087, 142.2077765818182, 107.73705076363638, 62.0652730181818, 43.94172043636363, 29.61005847272726, 20.234109672727286, 13.37029352727273, 8.295498472727276, 4.671506618181819, 2.3185408000000005, 0.9233128727272729, 0.24637440000000005, 0.02068480000000003, 0.0001675636363636364, 0.0, 0.0]}