{"N": 512, "random_seed": 38711, "valid_pf": true, "radius_ratios": [0.03, 0.04, 0.05, 0.04714045207910318, 0.06, 0.07, 0.08, 0.09, 0.1, 0.12142857142857144, 0.14285714285714288, 0.1642857142857143, 0.18571428571428572, 0.20714285714285718, 0.2285714285714286, 0.25, 0.27142857142857146, 0.2928571428571429, 0.31428571428571433, 0.33571428571428574, 0.3571428571428572, 0.37857142857142867, 0.4], "free_volumes": [262.0520489795919, 232.35892244897957, 198.81512054421765, 208.06589823129255, 164.6968163265306, 129.88414258503403, 95.25153959183676, 60.56150204081634, 25.783344761904765, 8.50318802721088, 3.74721306122449, 1.846125714285714, 0.8379907482993195, 0.28510040816326515, 0.053551020408163265, 0.001480272108843536, 1.741496598639456e-05, 0.0, 0.0, 0.0, 0.0, 0.0, 0.0]}