{"N": 512, "random_seed": 61484, "valid_pf": true, "radius_ratios": [0.03, 0.04, 0.05, 0.04714045207910318, 0.06, 0.07, 0.08, 0.09, 0.1, 0.12142857142857144, 0.14285714285714288, 0.1642857142857143, 0.18571428571428572, 0.20714285714285718, 0.2285714285714286, 0.25, 0.27142857142857146, 0.2928571428571429, 0.31428571428571433, 0.33571428571428574, 0.3571428571428572, 0.37857142857142867, 0.4], "free_volumes": [260.10338986666665, 235.5396266666667, 207.37858559999992, 215.16093439999997, 178.55313919999992, 161.12945493333334, 149.24683946666664, 137.976576, 127.14407253333333, 105.5539029333333, 85.85270613333333, 68.26949973333335, 52.89523200000001, 39.50824106666666, 29.192499199999993, 21.51712426666666, 15.614532266666668, 10.948369066666663, 7.335970133333335, 4.659541333333333, 2.720699733333333, 1.409024, 0.6197418666666664]}