{"N": 512, "random_seed": 88013, "valid_pf": true, "radius_ratios": [0.03, 0.04, 0.05, 0.04714045207910318, 0.06, 0.07, 0.08, 0.09, 0.1, 0.12142857142857144, 0.14285714285714288, 0.1642857142857143, 0.18571428571428572, 0.20714285714285718, 0.2285714285714286, 0.25, 0.27142857142857146, 0.2928571428571429, 0.31428571428571433, 0.33571428571428574, 0.3571428571428572, 0.37857142857142867, 0.4], "free_volumes": [333.9543831272728, 309.001923490909, 279.7886184727272, 287.7825396363636, 249.98455854545458, 219.20835025454545, 187.78394996363633, 155.7977646545454, 123.08535854545453, 100.09510632727272, 82.48668159999997, 67.0149725090909, 53.467173236363614, 41.61776174545454, 32.75306821818181, 25.786610036363637, 19.728290909090905, 14.587885381818184, 10.478536145454546, 7.19635549090909, 4.69431389090909, 2.8448209454545457, 1.560091927272727]}